hour,success_gain
6,0.07627118644067797
7,0.09274193548387097
8,0.07924528301886792
9,0.0898876404494382
