{
  "total_cycles": 25,
  "success_total": 9,
  "failures": 18,
  "still_active": 7,
  "gain_distribution": {
    "count": 18.0,
    "mean": -0.2434810054390985,
    "std": 1.4345719998334978,
    "min": -2.8947368421052593,
    "25%": -0.7812170823170372,
    "50%": 0.06702433210135833,
    "75%": 0.34961596557333535,
    "max": 3.18663169144079
  }
}