hour,success_gain
3,0.2
4,0.21084337349397592
5,0.2088607594936709
6,0.18888888888888888
