hour,success_gain
18,0.16666666666666666
19,0.19047619047619047
20,0.16216216216216217
21,0.18181818181818182
