{
  "total_cycles": 15,
  "success_total": 6,
  "failures": 12,
  "still_active": 3,
  "gain_distribution": {
    "count": 12.0,
    "mean": -0.16052507429841775,
    "std": 2.0187213398092,
    "min": -3.503733486502007,
    "25%": -0.9581123200133622,
    "50%": -0.16109852363420524,
    "75%": 0.47918831921548377,
    "max": 3.9579748211212613
  }
}