{
  "total_cycles": 8,
  "success_total": 2,
  "failures": 7,
  "still_active": 1,
  "gain_distribution": {
    "count": 7.0,
    "mean": 0.20228929684781052,
    "std": 1.249447914266481,
    "min": -2.335224792666951,
    "25%": 0.1089866524131915,
    "50%": 0.17574692442880224,
    "75%": 0.9006140730381885,
    "max": 1.5563014952700622
  }
}