hour,success_gain
8,0.1282051282051282
9,0.125
10,0.12987012987012986
11,0.1276595744680851
