hour,success_gain
15,0.12903225806451613
16,0.12941176470588237
17,0.12222222222222222
18,0.125
