{
  "total_cycles": 6,
  "success_total": 3,
  "failures": 4,
  "still_active": 2,
  "gain_distribution": {
    "count": 4.0,
    "mean": 0.6602119426496298,
    "std": 0.545404783206428,
    "min": 0.3042684517082358,
    "25%": 0.38798517624177215,
    "50%": 0.43173604519368125,
    "75%": 0.703962811601539,
    "max": 1.473107228502921
  }
}