{
  "total_cycles": 8,
  "success_total": 4,
  "failures": 5,
  "still_active": 3,
  "gain_distribution": {
    "count": 5.0,
    "mean": 0.5198167321255676,
    "std": 2.1634961938990016,
    "min": -1.2195121951219485,
    "25%": -0.20609113808105253,
    "50%": -0.15003750937735003,
    "75%": -0.12708498808576837,
    "max": 4.301809491293957
  }
}